-- phpMyAdmin SQL Dump
-- version 3.5.4
-- http://www.phpmyadmin.net
--
-- 主机: yinuoinfo.8866.org
-- 生成日期: 2013 年 08 月 21 日 09:30
-- 服务器版本: 5.5.20-log
-- PHP 版本: 5.3.10-1ubuntu3.7

SET SQL_MODE="NO_AUTO_VALUE_ON_ZERO";
SET time_zone = "+00:00";


/*!40101 SET @OLD_CHARACTER_SET_CLIENT=@@CHARACTER_SET_CLIENT */;
/*!40101 SET @OLD_CHARACTER_SET_RESULTS=@@CHARACTER_SET_RESULTS */;
/*!40101 SET @OLD_COLLATION_CONNECTION=@@COLLATION_CONNECTION */;
/*!40101 SET NAMES utf8 */;

--
-- 数据库: `ecode_travel`
--

-- --------------------------------------------------------

--
-- 表的结构 `agents`
--

CREATE TABLE IF NOT EXISTS `agents` (
  `id` int(8) NOT NULL AUTO_INCREMENT,
  `pay_mode` set('prepaid','credit') NOT NULL DEFAULT 'prepaid' COMMENT '预付、信用支付',
  `consume_mode` set('') NOT NULL,
  `discount` double(3,2) NOT NULL DEFAULT '1.00' COMMENT '1表示无折扣',
  `name` varchar(200) NOT NULL COMMENT '公司名',
  `active` int(1) NOT NULL DEFAULT '1' COMMENT '默认正常，-1限制出票',
  `remark` varchar(200) NOT NULL COMMENT '备注',
  PRIMARY KEY (`id`)
) ENGINE=InnoDB  DEFAULT CHARSET=utf8 COMMENT='代理 旅行社 管理' AUTO_INCREMENT=3 ;

--
-- 转存表中的数据 `agents`
--

INSERT INTO `agents` (`id`, `pay_mode`, `consume_mode`, `discount`, `name`, `active`, `remark`) VALUES
(1, 'credit', '', 7.00, '测试1', 0, '测试专用'),
(2, 'credit', '', 9.99, '23423', 0, '12');

-- --------------------------------------------------------

--
-- 表的结构 `agent_users`
--

CREATE TABLE IF NOT EXISTS `agent_users` (
  `id` int(8) NOT NULL AUTO_INCREMENT,
  `agent_id` int(8) NOT NULL,
  `name` varchar(100) NOT NULL,
  `idcard_no` varchar(50) NOT NULL,
  `guide_no` varchar(50) NOT NULL COMMENT '导游号',
  `active` int(1) NOT NULL DEFAULT '1' COMMENT '-1 锁定',
  `created` bigint(12) NOT NULL DEFAULT '0',
  PRIMARY KEY (`id`),
  KEY `agent_id` (`agent_id`)
) ENGINE=InnoDB  DEFAULT CHARSET=utf8 AUTO_INCREMENT=5 ;

--
-- 转存表中的数据 `agent_users`
--

INSERT INTO `agent_users` (`id`, `agent_id`, `name`, `idcard_no`, `guide_no`, `active`, `created`) VALUES
(1, 1, '测试名称', '51370119910071634', '#98090324', 0, 0),
(2, 0, '第二条', '513701199100712', '#9809023', 0, 0),
(3, 0, '测试名称', '51370119910071634', '#98090324', 0, 0),
(4, 1, '测试名称', '513701199100712', '#98090324', -1, 0);

-- --------------------------------------------------------

--
-- 表的结构 `categories`
--

CREATE TABLE IF NOT EXISTS `categories` (
  `id` int(11) NOT NULL AUTO_INCREMENT,
  `name` varchar(100) NOT NULL COMMENT '种类名',
  `active` int(1) NOT NULL DEFAULT '0',
  `updated` bigint(12) NOT NULL,
  `consume_mode` set('year','staff_card','only_one') NOT NULL DEFAULT 'only_one' COMMENT '票的消费方式，年卡或一次性,员工卡',
  `group_ticket` set('n','y') NOT NULL DEFAULT 'n' COMMENT '是否是团队票',
  `support_refund` set('y','n') NOT NULL DEFAULT 'y' COMMENT '是否支持退票',
  `refund_ratio` int(3) NOT NULL DEFAULT '100' COMMENT '退钱比例 默认100%',
  `refund_after_be_invalid` set('y','n','','') NOT NULL DEFAULT 'n' COMMENT '退票后是否自动作废',
  `default_expired_days` int(3) NOT NULL DEFAULT '1' COMMENT '默认有效期1天',
  `price` decimal(8,2) NOT NULL,
  `inventory_ticket_activation_mode` set('set_expired_time','after_sell') NOT NULL DEFAULT 'after_sell' COMMENT '库存票激活方式, 销售后激活，到具体时间后自动激活',
  PRIMARY KEY (`id`)
) ENGINE=InnoDB  DEFAULT CHARSET=utf8 COMMENT='门票分类表' AUTO_INCREMENT=11 ;

--
-- 转存表中的数据 `categories`
--

INSERT INTO `categories` (`id`, `name`, `active`, `updated`, `consume_mode`, `group_ticket`, `support_refund`, `refund_ratio`, `refund_after_be_invalid`, `default_expired_days`, `price`, `inventory_ticket_activation_mode`) VALUES
(1, '测试', -1, 1374461602, 'only_one', 'y', 'y', 20, 'y', 9, 60.00, 'after_sell'),
(3, '测试2', -1, 1374487000, 'only_one', 'y', 'y', 10, 'y', 34, 12.00, 'after_sell'),
(4, '这是一个年卡', 0, 1374241213, 'year', 'n', 'n', 20, 'n', 10, 20.00, 'set_expired_time'),
(5, '测试3', 0, 1374477931, 'only_one', 'n', 'y', 12, 'n', 1, 12.00, 'after_sell'),
(6, '测试', 0, 1374478054, 'only_one', 'n', 'n', 12, 'n', 12, 12.00, 'after_sell'),
(7, '工卡', 0, 1374667885, 'staff_card', 'n', 'y', 100, 'n', 1, 0.00, 'after_sell'),
(8, '增加一个新的票种', 0, 1375173546, 'only_one', 'n', 'n', 5, 'n', 8, 60.00, 'set_expired_time'),
(9, 'xxxx', 0, 1375235816, 'only_one', 'n', 'y', 1000, 'y', 2, 100.00, 'after_sell'),
(10, '入场券团体票', 0, 1375238204, 'only_one', 'y', 'y', 90, 'y', 1, 111.00, 'set_expired_time');

-- --------------------------------------------------------

--
-- 表的结构 `depots`
--

CREATE TABLE IF NOT EXISTS `depots` (
  `id` int(9) NOT NULL AUTO_INCREMENT,
  `active` int(1) NOT NULL DEFAULT '0' COMMENT '-1作废,0不正常，1是正常',
  `category_id` int(6) NOT NULL DEFAULT '0' COMMENT '分类id',
  `ticket_no` varchar(100) NOT NULL COMMENT '票号',
  `voucher_total` int(6) NOT NULL DEFAULT '1' COMMENT '总购买数',
  `voucher_remaining` int(6) NOT NULL DEFAULT '0' COMMENT '当前剩余数',
  `valid_start` datetime NOT NULL,
  `valid_ends` datetime NOT NULL,
  `created` bigint(12) NOT NULL DEFAULT '0',
  `price` decimal(8,2) NOT NULL DEFAULT '0.00' COMMENT '实际销售价格',
  `create_from` set('www_seller','window_seller','import_depot') NOT NULL DEFAULT 'window_seller' COMMENT '票来源，入库、窗口销售、电商平台销售',
  `create_from_id` int(11) NOT NULL DEFAULT '0' COMMENT '此票来源表对应的票，比如入库导入记录表、窗口销售记录表、电商平台销售记录表的ID等',
  PRIMARY KEY (`id`),
  UNIQUE KEY `ticket_no` (`ticket_no`),
  KEY `category_id` (`category_id`)
) ENGINE=InnoDB  DEFAULT CHARSET=utf8 COMMENT='表的库存表' AUTO_INCREMENT=198 ;

--
-- 转存表中的数据 `depots`
--

INSERT INTO `depots` (`id`, `active`, `category_id`, `ticket_no`, `voucher_total`, `voucher_remaining`, `valid_start`, `valid_ends`, `created`, `price`, `create_from`, `create_from_id`) VALUES
(2, 0, 1, '00009', 1, 1, '0000-00-00 00:00:00', '0000-00-00 00:00:00', 1374477005, 60.00, 'import_depot', 14),
(3, 0, 1, '00000', 1, 1, '0000-00-00 00:00:00', '0000-00-00 00:00:00', 1374477185, 60.00, 'import_depot', 15),
(5, 0, 1, '00008', 1, 1, '0000-00-00 00:00:00', '0000-00-00 00:00:00', 1374477371, 60.00, 'import_depot', 17),
(6, 2, 1, '00006', 1, 1, '0000-00-00 00:00:00', '0000-00-00 00:00:00', 1374478984, 60.00, 'import_depot', 54),
(7, 0, 1, '000012', 1, 1, '0000-00-00 00:00:00', '0000-00-00 00:00:00', 1374478998, 60.00, 'import_depot', 55),
(8, 0, 1, '13', 1, 1, '0000-00-00 00:00:00', '0000-00-00 00:00:00', 1374478998, 60.00, 'import_depot', 55),
(9, 0, 1, '14', 1, 1, '0000-00-00 00:00:00', '0000-00-00 00:00:00', 1374478998, 60.00, 'import_depot', 55),
(10, 0, 1, '15', 1, 1, '0000-00-00 00:00:00', '0000-00-00 00:00:00', 1374478998, 60.00, 'import_depot', 55),
(11, 0, 1, '16', 1, 1, '0000-00-00 00:00:00', '0000-00-00 00:00:00', 1374478998, 60.00, 'import_depot', 55),
(12, 0, 1, '17', 1, 1, '0000-00-00 00:00:00', '0000-00-00 00:00:00', 1374478998, 60.00, 'import_depot', 55),
(13, 0, 1, '18', 1, 1, '0000-00-00 00:00:00', '0000-00-00 00:00:00', 1374478998, 60.00, 'import_depot', 55),
(14, 0, 1, '19', 1, 1, '0000-00-00 00:00:00', '0000-00-00 00:00:00', 1374478998, 60.00, 'import_depot', 55),
(15, 2, 4, '000090', 1, 1, '0000-00-00 00:00:00', '0000-00-00 00:00:00', 1374479412, 20.00, 'import_depot', 56),
(16, -1, 4, '91', 1, 1, '0000-00-00 00:00:00', '0000-00-00 00:00:00', 1374479412, 20.00, 'import_depot', 56),
(17, 2, 4, '0089', 1, 1, '0000-00-00 00:00:00', '1970-01-01 00:00:00', 1374479525, 20.00, 'import_depot', 57),
(18, 2, 4, '000077', 1, 1, '2013-07-16 00:00:00', '2013-07-26 00:00:00', 1374480224, 20.00, 'import_depot', 72),
(19, 0, 4, '0817', 1, 1, '2013-07-19 00:00:00', '2013-07-29 00:00:00', 1374495214, 20.00, 'import_depot', 73),
(20, 0, 1, '0716', 1, 1, '0000-00-00 00:00:00', '0000-00-00 00:00:00', 1374495536, 60.00, 'import_depot', 74),
(21, 0, 5, '00060', 1, 1, '0000-00-00 00:00:00', '0000-00-00 00:00:00', 1374495712, 12.00, 'import_depot', 75),
(22, 0, 6, '0085', 1, 1, '0000-00-00 00:00:00', '0000-00-00 00:00:00', 1374495747, 12.00, 'import_depot', 76),
(23, 0, 5, '135', 1, 1, '0000-00-00 00:00:00', '0000-00-00 00:00:00', 1374495901, 12.00, 'import_depot', 77),
(24, 0, 5, '136', 1, 1, '0000-00-00 00:00:00', '0000-00-00 00:00:00', 1374495901, 12.00, 'import_depot', 77),
(25, 0, 5, '137', 1, 1, '0000-00-00 00:00:00', '0000-00-00 00:00:00', 1374495901, 12.00, 'import_depot', 77),
(26, 0, 5, '138', 1, 1, '0000-00-00 00:00:00', '0000-00-00 00:00:00', 1374495901, 12.00, 'import_depot', 77),
(27, 0, 5, '139', 1, 1, '0000-00-00 00:00:00', '0000-00-00 00:00:00', 1374495901, 12.00, 'import_depot', 77),
(28, 1, 4, '000001', 1, 1, '2013-07-01 00:00:00', '2013-07-11 00:00:00', 1374546867, 20.00, 'import_depot', 97),
(30, 0, 4, '00890', 1, 1, '2013-07-02 00:00:00', '2013-07-12 00:00:00', 1374569139, 20.00, 'import_depot', 113),
(31, 1, 6, '000011', 1, 1, '0000-00-00 00:00:00', '0000-00-00 00:00:00', 1374569208, 12.00, 'import_depot', 114),
(32, 0, 6, '8901', 1, 1, '0000-00-00 00:00:00', '0000-00-00 00:00:00', 1374584448, 12.00, 'import_depot', 126),
(33, 0, 6, '7890', 1, 1, '0000-00-00 00:00:00', '0000-00-00 00:00:00', 1374584464, 12.00, 'import_depot', 127),
(34, 2, 6, '000670', 1, 1, '2013-07-24 00:00:00', '2013-08-05 00:00:00', 1374637131, 12.00, 'import_depot', 136),
(35, 1, 6, '1374637739', 1, 1, '0000-00-00 00:00:00', '0000-00-00 00:00:00', 1374637739, 12.00, 'import_depot', 138),
(36, 1, 6, '1374637740', 1, 1, '0000-00-00 00:00:00', '0000-00-00 00:00:00', 1374637739, 12.00, 'import_depot', 138),
(37, 1, 6, '1374638026', 1, 1, '0000-00-00 00:00:00', '0000-00-00 00:00:00', 1374638027, 12.00, 'import_depot', 140),
(38, 1, 6, '1374638078', 1, 1, '0000-00-00 00:00:00', '0000-00-00 00:00:00', 1374638078, 12.00, 'import_depot', 142),
(39, 1, 6, '1374638102', 1, 1, '0000-00-00 00:00:00', '0000-00-00 00:00:00', 1374638102, 12.00, 'import_depot', 144),
(40, 2, 6, '1374638389', 1, 1, '2013-07-24 00:00:00', '2013-08-05 00:00:00', 1374638390, 12.00, 'import_depot', 146),
(41, 2, 6, '1374638416', 1, 1, '2013-07-24 00:00:00', '2013-08-05 00:00:00', 1374638416, 12.00, 'import_depot', 148),
(42, 0, 4, '1374651860', 1, 1, '2013-07-24 00:00:00', '2013-08-03 00:00:00', 1374651860, 20.00, 'import_depot', 151),
(43, 1, 4, '1374652100', 1, 1, '2013-07-24 00:00:00', '2013-08-03 00:00:00', 1374652101, 20.00, 'import_depot', 152),
(44, 1, 4, '1374652407', 1, 1, '2013-07-24 00:00:00', '2013-08-03 00:00:00', 1374652407, 20.00, 'import_depot', 155),
(46, 1, 4, '1374652834', 1, 1, '2013-07-24 00:00:00', '2013-08-03 00:00:00', 1374652834, 20.00, 'import_depot', 157),
(47, 1, 4, '1374654111', 1, 1, '2013-07-24 00:00:00', '2013-08-03 00:00:00', 1374654111, 20.00, 'import_depot', 158),
(48, 1, 4, '1374654167', 1, 1, '2013-07-24 00:00:00', '2013-08-03 00:00:00', 1374654168, 20.00, 'import_depot', 159),
(49, 1, 4, '1374654204', 1, 1, '2013-07-24 00:00:00', '2013-08-03 00:00:00', 1374654204, 20.00, 'import_depot', 160),
(50, 1, 4, '1374654329', 1, 1, '2013-07-24 00:00:00', '2013-08-03 00:00:00', 1374654329, 20.00, 'import_depot', 161),
(51, 2, 4, '1374654355', 1, 1, '2013-07-24 00:00:00', '2014-07-24 00:00:00', 1374654355, 20.00, 'import_depot', 162),
(52, 1, 7, '1374667970', 1, 1, '0000-00-00 00:00:00', '0000-00-00 00:00:00', 1374667970, 0.00, 'import_depot', 163),
(53, 0, 7, '1374668013', 1, 1, '0000-00-00 00:00:00', '0000-00-00 00:00:00', 1374668013, 0.00, 'import_depot', 164),
(63, 0, 7, '1374668640', 1, 1, '0000-00-00 00:00:00', '0000-00-00 00:00:00', 1374668640, 0.00, 'import_depot', 174),
(66, 1, 7, '1374668792', 1, 1, '2013-07-24 00:00:00', '2014-07-24 00:00:00', 1374668792, 0.00, 'import_depot', 177),
(71, 1, 7, '1374670559', 1, 1, '2013-07-24 20:55:07', '2014-07-24 20:55:07', 1374670559, 0.00, 'import_depot', 182),
(73, -1, 6, '481940124', 1, 1, '0000-00-00 00:00:00', '0000-00-00 00:00:00', 1374717317, 12.00, 'import_depot', 184),
(74, 0, 6, '481940125', 1, 1, '0000-00-00 00:00:00', '0000-00-00 00:00:00', 1374717317, 12.00, 'import_depot', 184),
(75, 0, 6, '481940126', 1, 1, '0000-00-00 00:00:00', '0000-00-00 00:00:00', 1374717317, 12.00, 'import_depot', 184),
(76, 0, 6, '481940127', 1, 1, '0000-00-00 00:00:00', '0000-00-00 00:00:00', 1374717317, 12.00, 'import_depot', 184),
(77, -1, 6, '481940128', 1, 1, '0000-00-00 00:00:00', '0000-00-00 00:00:00', 1374717317, 12.00, 'import_depot', 184),
(78, -1, 6, '481940129', 1, 1, '0000-00-00 00:00:00', '0000-00-00 00:00:00', 1374717317, 12.00, 'import_depot', 184),
(79, 2, 6, '481940130', 1, 1, '2013-07-25 11:04:38', '2013-08-06 11:04:38', 1374717317, 12.00, 'import_depot', 184),
(85, 2, 6, '1374721549', 1, 1, '2013-07-25 11:05:52', '2013-08-06 11:05:52', 1374721550, 12.00, 'import_depot', 191),
(86, 0, 5, '1374721582', 1, 1, '2013-07-25 11:06:23', '2013-07-26 11:06:23', 1374721582, 12.00, 'import_depot', 193),
(97, 1, 4, '1374722563', 1, 1, '2013-07-25 11:22:43', '2013-08-04 11:22:43', 1374722563, 20.00, 'import_depot', 206),
(99, 2, 4, '1374722627', 1, 1, '2013-07-25 11:24:13', '2025-07-22 11:24:13', 1374722627, 20.00, 'import_depot', 208),
(100, 2, 6, '1374724388', 1, 1, '2013-07-25 11:53:12', '2013-08-06 11:53:12', 1374724388, 12.00, 'import_depot', 209),
(101, 1, 6, '1374724455', 12, 12, '0000-00-00 00:00:00', '0000-00-00 00:00:00', 1374724455, 12.00, 'import_depot', 211),
(102, 1, 6, '1374724456', 12, 12, '0000-00-00 00:00:00', '0000-00-00 00:00:00', 1374724455, 12.00, 'import_depot', 211),
(103, 1, 6, '1374724457', 12, 12, '0000-00-00 00:00:00', '0000-00-00 00:00:00', 1374724455, 12.00, 'import_depot', 211),
(104, 1, 6, '1374724458', 12, 12, '0000-00-00 00:00:00', '0000-00-00 00:00:00', 1374724455, 12.00, 'import_depot', 211),
(105, 1, 6, '1374724459', 12, 12, '0000-00-00 00:00:00', '0000-00-00 00:00:00', 1374724455, 12.00, 'import_depot', 211),
(106, 1, 6, '1374724460', 12, 12, '0000-00-00 00:00:00', '0000-00-00 00:00:00', 1374724455, 12.00, 'import_depot', 211),
(107, 1, 6, '1374724461', 12, 12, '0000-00-00 00:00:00', '0000-00-00 00:00:00', 1374724455, 12.00, 'import_depot', 211),
(108, 1, 6, '1374724462', 12, 12, '0000-00-00 00:00:00', '0000-00-00 00:00:00', 1374724455, 12.00, 'import_depot', 211),
(109, 1, 6, '1374724463', 12, 12, '0000-00-00 00:00:00', '0000-00-00 00:00:00', 1374724455, 12.00, 'import_depot', 211),
(110, 1, 6, '1374724464', 12, 12, '0000-00-00 00:00:00', '0000-00-00 00:00:00', 1374724455, 12.00, 'import_depot', 211),
(111, 1, 6, '1374724465', 12, 12, '0000-00-00 00:00:00', '0000-00-00 00:00:00', 1374724455, 12.00, 'import_depot', 211),
(112, 1, 6, '1374724466', 12, 12, '0000-00-00 00:00:00', '0000-00-00 00:00:00', 1374724455, 12.00, 'import_depot', 211),
(113, 2, 6, '1374724479', 12, 12, '2013-07-25 11:54:54', '2013-08-06 11:54:54', 1374724479, 12.00, 'import_depot', 213),
(114, 1, 6, '1374724480', 12, 12, '0000-00-00 00:00:00', '0000-00-00 00:00:00', 1374724479, 12.00, 'import_depot', 213),
(115, 1, 6, '1374724481', 12, 12, '0000-00-00 00:00:00', '0000-00-00 00:00:00', 1374724479, 12.00, 'import_depot', 213),
(116, 1, 6, '1374724482', 12, 12, '0000-00-00 00:00:00', '0000-00-00 00:00:00', 1374724479, 12.00, 'import_depot', 213),
(117, 1, 6, '1374724483', 12, 12, '0000-00-00 00:00:00', '0000-00-00 00:00:00', 1374724479, 12.00, 'import_depot', 213),
(118, 1, 6, '1374724484', 12, 12, '0000-00-00 00:00:00', '0000-00-00 00:00:00', 1374724479, 12.00, 'import_depot', 213),
(119, 1, 6, '1374724485', 12, 12, '0000-00-00 00:00:00', '0000-00-00 00:00:00', 1374724479, 12.00, 'import_depot', 213),
(120, 1, 6, '1374724486', 12, 12, '0000-00-00 00:00:00', '0000-00-00 00:00:00', 1374724479, 12.00, 'import_depot', 213),
(121, 1, 6, '1374724487', 12, 12, '0000-00-00 00:00:00', '0000-00-00 00:00:00', 1374724479, 12.00, 'import_depot', 213),
(122, 1, 6, '1374724488', 12, 12, '0000-00-00 00:00:00', '0000-00-00 00:00:00', 1374724479, 12.00, 'import_depot', 213),
(123, 1, 6, '1374724489', 12, 12, '0000-00-00 00:00:00', '0000-00-00 00:00:00', 1374724479, 12.00, 'import_depot', 213),
(124, 1, 6, '1374724490', 12, 12, '0000-00-00 00:00:00', '0000-00-00 00:00:00', 1374724479, 12.00, 'import_depot', 213),
(125, 1, 6, '1374724581', 2, 2, '0000-00-00 00:00:00', '0000-00-00 00:00:00', 1374724581, 12.00, 'import_depot', 215),
(126, 1, 6, '1374724582', 2, 2, '0000-00-00 00:00:00', '0000-00-00 00:00:00', 1374724581, 12.00, 'import_depot', 215),
(127, 2, 6, '1374724588', 2, 2, '2013-07-25 11:56:31', '2013-08-06 11:56:31', 1374724588, 12.00, 'import_depot', 217),
(128, 1, 6, '1374724589', 2, 2, '0000-00-00 00:00:00', '0000-00-00 00:00:00', 1374724588, 12.00, 'import_depot', 217),
(129, 2, 6, '1374724944', 1, 0, '2013-07-25 12:32:55', '2013-08-06 12:32:55', 1374724945, 12.00, 'import_depot', 219),
(130, 2, 6, '1374973101', 1, 1, '2013-07-28 08:58:22', '2013-08-09 08:58:22', 1374973102, 12.00, 'import_depot', 222),
(131, 1, 6, '1374973102', 1, 1, '0000-00-00 00:00:00', '0000-00-00 00:00:00', 1374973102, 12.00, 'import_depot', 222),
(132, 2, 6, '1374973479', 1, 1, '2013-07-28 09:04:40', '2013-08-09 09:04:40', 1374973480, 12.00, 'import_depot', 224),
(133, 2, 6, '1374975406', 1, 1, '2013-07-28 09:36:49', '2013-08-09 09:36:49', 1374975409, 12.00, 'import_depot', 226),
(134, 2, 6, '1374975426', 1, 1, '2013-07-28 09:37:08', '2013-08-09 09:37:08', 1374975428, 12.00, 'import_depot', 228),
(135, 2, 6, '1374975594', 1, 1, '2013-07-28 09:39:56', '2013-08-09 09:39:56', 1374975595, 12.00, 'import_depot', 230),
(136, 1, 6, '1374975595', 1, 1, '0000-00-00 00:00:00', '0000-00-00 00:00:00', 1374975595, 12.00, 'import_depot', 230),
(137, 2, 6, '1374976002', 1, 1, '2013-07-28 09:46:44', '2013-08-09 09:46:44', 1374976003, 12.00, 'import_depot', 232),
(138, 1, 6, '1374976003', 1, 1, '0000-00-00 00:00:00', '0000-00-00 00:00:00', 1374976003, 12.00, 'import_depot', 232),
(139, 2, 6, '1374976029', 1, 1, '2013-07-28 09:47:11', '2013-08-09 09:47:11', 1374976031, 12.00, 'import_depot', 234),
(140, 1, 6, '1374976030', 1, 1, '0000-00-00 00:00:00', '0000-00-00 00:00:00', 1374976031, 12.00, 'import_depot', 234),
(147, 2, 6, '1374976179', 1, 1, '2013-07-28 09:49:43', '2013-08-09 09:49:43', 1374976182, 12.00, 'import_depot', 242),
(148, 2, 6, '1374976180', 1, 1, '2013-07-30 15:17:34', '2013-08-11 15:17:34', 1374976182, 12.00, 'import_depot', 242),
(155, 2, 6, '1374976359', 1, 1, '2013-07-28 09:52:41', '2013-08-09 09:52:41', 1374976360, 12.00, 'import_depot', 250),
(156, -1, 6, '1374976360', 1, 1, '0000-00-00 00:00:00', '0000-00-00 00:00:00', 1374976360, 12.00, 'import_depot', 250),
(157, 2, 6, '1374976397', 1, 1, '2013-07-28 09:53:21', '2013-08-09 09:53:21', 1374976400, 12.00, 'import_depot', 252),
(158, 1, 6, '1374976398', 1, 1, '0000-00-00 00:00:00', '0000-00-00 00:00:00', 1374976400, 12.00, 'import_depot', 252),
(177, 2, 6, '1374988241', 1, 1, '2013-07-28 13:10:44', '2013-08-09 13:10:44', 1374988242, 12.00, 'import_depot', 272),
(178, 2, 6, '1374988242', 1, 1, '2013-07-28 13:10:44', '2013-08-09 13:10:44', 1374988242, 12.00, 'import_depot', 272),
(179, 2, 5, '1374991973', 1, 1, '2013-07-28 14:12:54', '2013-07-29 14:12:54', 1374991974, 12.00, 'import_depot', 274),
(180, 2, 5, '1374991981', 1, 1, '2013-07-28 14:13:04', '2013-07-29 14:13:04', 1374991983, 12.00, 'import_depot', 276),
(181, 2, 4, '1374992649', 1, 1, '2013-07-28 14:24:10', '2014-07-28 14:24:10', 1374992649, 20.00, 'import_depot', 278),
(182, 2, 5, '1375066887', 1, 1, '2013-07-29 11:01:27', '2013-07-30 11:01:27', 1375066887, 12.00, 'import_depot', 279),
(183, 2, 5, '1375067004', 1, 1, '2013-07-29 11:03:24', '2013-07-30 11:03:24', 1375067004, 12.00, 'import_depot', 281),
(184, 2, 5, '1375067284', 1, 1, '2013-07-29 11:08:05', '2013-07-30 11:08:05', 1375067285, 12.00, 'import_depot', 283),
(185, 2, 5, '1375067291', 1, 1, '2013-07-29 11:08:11', '2013-07-30 11:08:11', 1375067291, 12.00, 'import_depot', 285),
(186, 2, 6, '1375067321', 1, 1, '2013-07-29 11:08:41', '2013-08-10 11:08:41', 1375067321, 12.00, 'import_depot', 287),
(187, 2, 6, '1375162888', 1, 1, '2013-07-30 13:41:28', '2013-08-11 13:41:28', 1375162888, 12.00, 'import_depot', 290),
(188, 2, 6, '8899001', 1, 1, '2013-07-30 14:06:45', '2013-08-11 14:06:45', 1375163372, 12.00, 'import_depot', 292),
(189, 0, 6, '8899002', 1, 1, '0000-00-00 00:00:00', '0000-00-00 00:00:00', 1375163372, 12.00, 'import_depot', 292),
(190, 2, 8, '880312301', 1, 1, '2013-07-30 16:39:58', '2013-08-07 16:39:58', 1375173612, 60.00, 'import_depot', 294),
(191, 1, 7, '1375176469', 1, 1, '2013-07-30 17:27:07', '2014-07-30 17:27:07', 1375176469, 0.00, 'import_depot', 296),
(192, -1, 9, '565655', 1, 1, '0000-00-00 00:00:00', '0000-00-00 00:00:00', 1375235930, 100.00, 'import_depot', 297),
(193, 2, 9, '1375236077', 1, 1, '2013-07-31 10:01:17', '2013-08-02 10:01:17', 1375236077, 100.00, 'import_depot', 300),
(194, 2, 9, '1375236533', 1, 1, '2013-07-31 10:08:54', '2013-08-02 10:08:54', 1375236534, 100.00, 'import_depot', 302),
(195, 2, 9, '1375236545', 1, 1, '2013-07-31 10:09:05', '2013-08-02 10:09:05', 1375236545, 100.00, 'import_depot', 304),
(196, -1, 10, '1375238347', 1, 1, '0000-00-00 00:00:00', '0000-00-00 00:00:00', 1375238347, 111.00, 'import_depot', 306),
(197, 1, 7, '1375238747', 1, 1, '2013-07-31 10:45:07', '2013-08-31 10:45:08', 1375238747, 0.00, 'import_depot', 309);

-- --------------------------------------------------------

--
-- 表的结构 `depot_annuals`
--

CREATE TABLE IF NOT EXISTS `depot_annuals` (
  `id` int(11) NOT NULL AUTO_INCREMENT,
  `depot_id` int(11) NOT NULL,
  `name` varchar(32) NOT NULL COMMENT '姓名',
  `card_no` varchar(32) NOT NULL DEFAULT '0' COMMENT '身份证',
  `mobile` varchar(20) NOT NULL DEFAULT '0' COMMENT '电话',
  `valid_for` int(11) NOT NULL DEFAULT '1' COMMENT '年限',
  `created` int(11) NOT NULL DEFAULT '0',
  `updated` int(11) NOT NULL DEFAULT '0',
  `active` int(11) NOT NULL DEFAULT '0' COMMENT '-1为作废',
  PRIMARY KEY (`id`),
  KEY `depot_id` (`depot_id`)
) ENGINE=InnoDB  DEFAULT CHARSET=utf8 COMMENT='年卡' AUTO_INCREMENT=16 ;

--
-- 转存表中的数据 `depot_annuals`
--

INSERT INTO `depot_annuals` (`id`, `depot_id`, `name`, `card_no`, `mobile`, `valid_for`, `created`, `updated`, `active`) VALUES
(8, 47, '林宁', '4214', '1231231', 1, 0, 0, 0),
(9, 48, '林', '4214', '1231231', 1, 0, 0, 0),
(10, 49, '林', '4214', '1231231', 1, 0, 0, 0),
(11, 50, '林', '4214', '1231231', 1, 0, 0, 0),
(12, 51, '林', '4214', '1231231', 1, 0, 0, 0),
(13, 97, '林宁', '513791199110071634', '1231231', 1, 0, 0, 0),
(14, 99, '林宁', '5137911991100712', '1231231', 12, 0, 0, 0),
(15, 181, '林宁', '51379119911007163421', '1231231', 1, 0, 0, 0);

-- --------------------------------------------------------

--
-- 表的结构 `depot_logs`
--

CREATE TABLE IF NOT EXISTS `depot_logs` (
  `id` int(8) NOT NULL AUTO_INCREMENT,
  `user_id` int(8) NOT NULL,
  `action` set('return','export','cancel','import') NOT NULL DEFAULT 'import' COMMENT '入库，出库，返库, 作废 记录',
  `created` bigint(12) NOT NULL DEFAULT '0',
  `start_no` varchar(100) NOT NULL COMMENT '票号',
  `end_no` varchar(100) NOT NULL,
  `number` int(3) NOT NULL DEFAULT '0' COMMENT '入库张数',
  PRIMARY KEY (`id`),
  KEY `user_id` (`user_id`)
) ENGINE=InnoDB  DEFAULT CHARSET=utf8 COMMENT='入库或出库记录' AUTO_INCREMENT=310 ;

--
-- 转存表中的数据 `depot_logs`
--

INSERT INTO `depot_logs` (`id`, `user_id`, `action`, `created`, `start_no`, `end_no`, `number`) VALUES
(14, 1, 'import', 1374477005, '00009', '00009', 1),
(15, 1, 'import', 1374477185, '00000', '00000', 1),
(17, 1, 'import', 1374477371, '00008', '00008', 1),
(35, 1, 'import', 1374478280, '0000012', '0000012', 1),
(37, 1, 'import', 1374478294, '0000012', '0000012', 1),
(38, 1, 'import', 1374478296, '0000012', '0000012', 1),
(39, 1, 'import', 1374478303, '0000012', '0000012', 1),
(40, 1, 'import', 1374478340, '0000012', '0000012', 1),
(41, 1, 'import', 1374478340, '0000012', '0000012', 1),
(42, 1, 'import', 1374478342, '0000012', '0000012', 1),
(43, 1, 'import', 1374478345, '0000012', '0000012', 1),
(44, 1, 'import', 1374478351, '0000012', '0000012', 1),
(45, 1, 'import', 1374478362, '0000012', '0000012', 1),
(46, 1, 'import', 1374478399, '0000012', '0000012', 1),
(54, 1, 'import', 1374478984, '00006', '00006', 1),
(55, 1, 'import', 1374478998, '000012', '000019', 8),
(56, 1, 'import', 1374479412, '000090', '000091', 2),
(57, 1, 'import', 1374479525, '0089', '0089', 1),
(72, 1, 'import', 1374480224, '000077', '000077', 1),
(73, 1, 'import', 1374495214, '0817', '0817', 1),
(74, 1, 'import', 1374495536, '0716', '0716', 1),
(75, 1, 'import', 1374495712, '00060', '00060', 1),
(76, 1, 'import', 1374495747, '0085', '0085', 1),
(77, 1, 'import', 1374495901, '135', '139', 5),
(78, 1, 'export', 1374497678, '00000', '00000', 1),
(79, 1, 'export', 1374497944, '00000', '00000', 1),
(80, 1, 'export', 1374497966, '00000', '00000', 1),
(81, 1, 'export', 1374497978, '00000', '00000', 1),
(82, 1, 'export', 1374498151, '00000', '00000', 1),
(83, 1, 'export', 1374498206, '00000', '00000', 1),
(84, 1, 'export', 1374498217, '00000', '00000', 1),
(85, 1, 'export', 1374498261, '00000', '00000', 1),
(86, 1, 'export', 1374498270, '00000', '00000', 1),
(87, 1, 'export', 1374498273, '00000', '00000', 1),
(88, 1, 'export', 1374498515, '00000', '00000', 1),
(89, 1, 'export', 1374498595, '00000', '00000', 1),
(90, 1, 'export', 1374498662, '00000', '00000', 1),
(91, 1, 'export', 1374498667, '00000', '00000', 1),
(92, 1, 'export', 1374498698, '00000', '00000', 1),
(93, 1, 'export', 1374498711, '00000', '00000', 1),
(94, 1, 'export', 1374498724, '00000', '00000', 1),
(97, 1, 'import', 1374546867, '000001', '000001', 1),
(99, 1, 'export', 1374547225, '000001', '000001', 1),
(100, 1, 'export', 1374547239, '00000', '00000', 1),
(101, 1, 'return', 1374549448, '00000', '00000', 1),
(102, 1, 'export', 1374549667, '000077', '000077', 1),
(103, 1, 'return', 1374549691, '000077', '000077', 1),
(104, 1, 'export', 1374555923, '00000', '00000', 1),
(105, 1, 'export', 1374561169, '000077', '000077', 1),
(106, 1, 'export', 1374561721, '000090', '000090', 1),
(107, 1, 'export', 1374564022, '0089', '0089', 1),
(108, 1, 'export', 1374564189, '00060', '00060', 1),
(109, 1, 'cancel', 1374566014, '91', '91', 1),
(110, 1, 'export', 1374569048, '000012', '000012', 1),
(111, 1, 'return', 1374569071, '000012', '000012', 1),
(113, 1, 'import', 1374569139, '00890', '00890', 1),
(114, 1, 'import', 1374569207, '000011', '000011', 1),
(115, 1, 'export', 1374569242, '000011', '000011', 1),
(123, 0, 'return', 1374581554, '00060', '00060', 1),
(126, 0, 'import', 1374584448, '8901', '8901', 1),
(127, 0, 'import', 1374584464, '7890', '7890', 1),
(132, 1, 'export', 1374586597, '0085', '0085', 1),
(134, 1, 'import', 1374586655, '0085', '0085', 1),
(135, 1, 'import', 1374586659, '00000', '00000', 1),
(136, 0, 'import', 1374637131, '000670', '000670', 1),
(137, 1, 'export', 1374637548, '000670', '000670', 1),
(138, 0, 'import', 1374637739, '1374637739', '1374637740', 2),
(139, 0, 'export', 1374637739, '1374637739', '1374637740', 2),
(140, 0, 'import', 1374638027, '1374638026', '1374638026', 1),
(141, 0, 'export', 1374638027, '1374638026', '1374638026', 1),
(142, 0, 'import', 1374638078, '1374638078', '1374638078', 1),
(143, 0, 'export', 1374638078, '1374638078', '1374638078', 1),
(144, 0, 'import', 1374638102, '1374638102', '1374638102', 1),
(145, 0, 'export', 1374638102, '1374638102', '1374638102', 1),
(146, 0, 'import', 1374638390, '1374638389', '1374638389', 1),
(147, 0, 'export', 1374638390, '1374638389', '1374638389', 1),
(148, 0, 'import', 1374638416, '1374638416', '1374638416', 1),
(149, 0, 'export', 1374638416, '1374638416', '1374638416', 1),
(151, 0, 'import', 1374651860, '1374651860', '1374651860', 1),
(152, 0, 'import', 1374652101, '1374652100', '1374652100', 1),
(155, 0, 'import', 1374652407, '1374652407', '1374652407', 1),
(157, 0, 'import', 1374652834, '1374652834', '1374652834', 1),
(158, 0, 'import', 1374654111, '1374654111', '1374654111', 1),
(159, 0, 'import', 1374654168, '1374654167', '1374654167', 1),
(160, 0, 'import', 1374654204, '1374654204', '1374654204', 1),
(161, 0, 'import', 1374654329, '1374654329', '1374654329', 1),
(162, 0, 'import', 1374654355, '1374654355', '1374654355', 1),
(163, 0, 'import', 1374667970, '1374667970', '1374667970', 1),
(164, 0, 'import', 1374668013, '1374668013', '1374668013', 1),
(174, 0, 'import', 1374668640, '1374668640', '1374668640', 1),
(177, 0, 'import', 1374668792, '1374668792', '1374668792', 1),
(182, 0, 'import', 1374670559, '1374670559', '1374670559', 1),
(184, 0, 'import', 1374717317, '481940124', '481940130', 7),
(186, 1, 'cancel', 1374717989, '481940124', '481940124', 1),
(187, 1, 'cancel', 1374717995, '481940128', '481940128', 1),
(188, 1, 'export', 1374718325, '481940130', '481940130', 1),
(189, 1, 'return', 1374719569, '481940130', '481940130', 1),
(190, 1, 'export', 1374720829, '481940130', '481940130', 1),
(191, 0, 'import', 1374721550, '1374721549', '1374721549', 1),
(192, 0, 'export', 1374721550, '1374721549', '1374721549', 1),
(193, 0, 'import', 1374721582, '1374721582', '1374721582', 1),
(194, 0, 'export', 1374721582, '1374721582', '1374721582', 1),
(195, 0, 'return', 1374722021, '1374721582', '1374721582', 1),
(206, 0, 'import', 1374722563, '1374722563', '1374722563', 1),
(208, 0, 'import', 1374722627, '1374722627', '1374722627', 1),
(209, 0, 'import', 1374724388, '1374724388', '1374724388', 1),
(210, 0, 'export', 1374724388, '1374724388', '1374724388', 1),
(211, 0, 'import', 1374724455, '1374724455', '1374724466', 12),
(212, 0, 'export', 1374724455, '1374724455', '1374724466', 12),
(213, 0, 'import', 1374724479, '1374724479', '1374724490', 12),
(214, 0, 'export', 1374724479, '1374724479', '1374724490', 12),
(215, 0, 'import', 1374724581, '1374724581', '1374724582', 2),
(216, 0, 'export', 1374724581, '1374724581', '1374724582', 2),
(217, 0, 'import', 1374724588, '1374724588', '1374724589', 2),
(218, 0, 'export', 1374724588, '1374724588', '1374724589', 2),
(219, 0, 'import', 1374724945, '1374724944', '1374724944', 1),
(220, 0, 'export', 1374724945, '1374724944', '1374724944', 1),
(221, 1, 'cancel', 1374817143, '481940129', '481940129', 1),
(222, 0, 'import', 1374973102, '1374973101', '1374973102', 2),
(223, 0, 'export', 1374973102, '1374973101', '1374973102', 2),
(224, 0, 'import', 1374973479, '1374973479', '1374973479', 1),
(225, 0, 'export', 1374973480, '1374973479', '1374973479', 1),
(226, 0, 'import', 1374975408, '1374975406', '1374975406', 1),
(227, 0, 'export', 1374975409, '1374975406', '1374975406', 1),
(228, 0, 'import', 1374975427, '1374975426', '1374975426', 1),
(229, 0, 'export', 1374975428, '1374975426', '1374975426', 1),
(230, 0, 'import', 1374975595, '1374975594', '1374975595', 2),
(231, 0, 'export', 1374975595, '1374975594', '1374975595', 2),
(232, 0, 'import', 1374976003, '1374976002', '1374976003', 2),
(233, 0, 'export', 1374976003, '1374976002', '1374976003', 2),
(234, 0, 'import', 1374976031, '1374976029', '1374976030', 2),
(235, 0, 'export', 1374976031, '1374976029', '1374976030', 2),
(242, 0, 'import', 1374976182, '1374976179', '1374976180', 2),
(243, 0, 'export', 1374976182, '1374976179', '1374976180', 2),
(250, 0, 'import', 1374976360, '1374976359', '1374976360', 2),
(251, 0, 'export', 1374976360, '1374976359', '1374976360', 2),
(252, 0, 'import', 1374976400, '1374976397', '1374976398', 2),
(253, 0, 'export', 1374976400, '1374976397', '1374976398', 2),
(272, 0, 'import', 1374988242, '1374988241', '1374988242', 2),
(273, 0, 'export', 1374988243, '1374988241', '1374988242', 2),
(274, 0, 'import', 1374991974, '1374991973', '1374991973', 1),
(275, 0, 'export', 1374991974, '1374991973', '1374991973', 1),
(276, 0, 'import', 1374991983, '1374991981', '1374991981', 1),
(277, 0, 'export', 1374991983, '1374991981', '1374991981', 1),
(278, 0, 'import', 1374992649, '1374992649', '1374992649', 1),
(279, 0, 'import', 1375066887, '1375066887', '1375066887', 1),
(280, 0, 'export', 1375066887, '1375066887', '1375066887', 1),
(281, 0, 'import', 1375067004, '1375067004', '1375067004', 1),
(282, 0, 'export', 1375067004, '1375067004', '1375067004', 1),
(283, 0, 'import', 1375067285, '1375067284', '1375067284', 1),
(284, 0, 'export', 1375067285, '1375067284', '1375067284', 1),
(285, 0, 'import', 1375067291, '1375067291', '1375067291', 1),
(286, 0, 'export', 1375067291, '1375067291', '1375067291', 1),
(287, 0, 'import', 1375067321, '1375067321', '1375067321', 1),
(288, 0, 'export', 1375067321, '1375067321', '1375067321', 1),
(289, 1, 'cancel', 1375078415, '1374976360', '1374976360', 1),
(290, 0, 'import', 1375162888, '1375162888', '1375162888', 1),
(291, 0, 'export', 1375162888, '1375162888', '1375162888', 1),
(292, 0, 'import', 1375163372, '8899001', '8899002', 2),
(293, 1, 'export', 1375163896, '8899001', '8899001', 1),
(294, 0, 'import', 1375173612, '880312301', '880312301', 1),
(295, 1, 'export', 1375173651, '880312301', '880312301', 1),
(296, 0, 'import', 1375176469, '1375176469', '1375176469', 1),
(297, 0, 'import', 1375235930, '565655', '565655', 1),
(298, 2, 'export', 1375235987, '565655', '565655', 1),
(299, 0, 'cancel', 1375236046, '565655', '565655', 1),
(300, 0, 'import', 1375236077, '1375236077', '1375236077', 1),
(301, 0, 'export', 1375236077, '1375236077', '1375236077', 1),
(302, 0, 'import', 1375236534, '1375236533', '1375236533', 1),
(303, 0, 'export', 1375236534, '1375236533', '1375236533', 1),
(304, 0, 'import', 1375236545, '1375236545', '1375236545', 1),
(305, 0, 'export', 1375236545, '1375236545', '1375236545', 1),
(306, 0, 'import', 1375238347, '1375238347', '1375238347', 1),
(307, 0, 'export', 1375238347, '1375238347', '1375238347', 1),
(308, 0, 'cancel', 1375238554, '1375238347', '1375238347', 1),
(309, 0, 'import', 1375238747, '1375238747', '1375238747', 1);

-- --------------------------------------------------------

--
-- 表的结构 `depot_staffs`
--

CREATE TABLE IF NOT EXISTS `depot_staffs` (
  `id` int(8) unsigned NOT NULL AUTO_INCREMENT,
  `depot_id` int(8) NOT NULL DEFAULT '0' COMMENT '对应票的ID',
  `name` varchar(100) NOT NULL COMMENT '职位',
  `title` varchar(100) NOT NULL,
  `card_no` varchar(100) NOT NULL COMMENT '工卡编号',
  `mobile` varchar(32) NOT NULL DEFAULT '',
  `created` datetime NOT NULL,
  `access_mode` set('year','month','day','all','noset') NOT NULL DEFAULT 'noset' COMMENT '限制方式：不限，总使用次数，每天限制、每月限制、每年限制',
  `access_number` int(6) NOT NULL DEFAULT '0' COMMENT '限制的具体 次数',
  PRIMARY KEY (`id`)
) ENGINE=InnoDB  DEFAULT CHARSET=utf8 AUTO_INCREMENT=8 ;

--
-- 转存表中的数据 `depot_staffs`
--

INSERT INTO `depot_staffs` (`id`, `depot_id`, `name`, `title`, `card_no`, `mobile`, `created`, `access_mode`, `access_number`) VALUES
(1, 52, '林宁', '林宁', '2351235135', '12312412', '0000-00-00 00:00:00', 'year', 12),
(2, 53, '林宁', '林宁', '2351235135', '12312412', '0000-00-00 00:00:00', 'year', 12),
(3, 63, '林宁', '林宁', '2351235135', '12312412', '0000-00-00 00:00:00', 'year', 12),
(4, 66, '林宁', '林宁', '2351235135', '12312412', '0000-00-00 00:00:00', 'year', 12),
(5, 80, '林宁', '林宁', '23512351353214', '12312412', '0000-00-00 00:00:00', 'month', 12),
(6, 191, '林宁', '林宁', '23512351353212', '12312412', '0000-00-00 00:00:00', 'noset', 0),
(7, 197, '11', '11', '111', '111', '0000-00-00 00:00:00', 'day', 11);

-- --------------------------------------------------------

--
-- 表的结构 `depot_vouchers`
--

CREATE TABLE IF NOT EXISTS `depot_vouchers` (
  `id` int(9) NOT NULL AUTO_INCREMENT,
  `depot_id` int(9) NOT NULL,
  `voucher_type` set('barcode','fingerprint','rfid','idcard','qrcode') NOT NULL DEFAULT 'barcode' COMMENT '条型码、二维码、身份证、rfid、指纹、',
  `voucher_number` varchar(100) NOT NULL,
  PRIMARY KEY (`id`),
  KEY `depot_id` (`depot_id`)
) ENGINE=InnoDB  DEFAULT CHARSET=utf8 COMMENT='票仓库的具体票号' AUTO_INCREMENT=256 ;

--
-- 转存表中的数据 `depot_vouchers`
--

INSERT INTO `depot_vouchers` (`id`, `depot_id`, `voucher_type`, `voucher_number`) VALUES
(2, 6, 'qrcode', '5209270310439640'),
(3, 7, 'qrcode', '2883276469517963'),
(4, 8, 'qrcode', '5980353363168330'),
(5, 9, 'qrcode', '5100505914246155'),
(6, 10, 'qrcode', '6032304947133379'),
(7, 11, 'qrcode', '9357158185712722'),
(8, 12, 'qrcode', '6408186537743737'),
(9, 13, 'qrcode', '2482680060687145'),
(10, 14, 'qrcode', '3835558314825719'),
(11, 15, 'qrcode', '7948990416034669'),
(12, 16, 'qrcode', '2774845181144412'),
(13, 17, 'qrcode', '7348743336833328'),
(14, 18, 'qrcode', '4710687215891435'),
(15, 19, 'qrcode', '4159789365717228'),
(16, 20, 'qrcode', '3459109313582736'),
(17, 21, 'qrcode', '1370164745871463'),
(18, 22, 'qrcode', '9015857119308386'),
(19, 23, 'qrcode', '4901753366739904'),
(20, 24, 'qrcode', '8977333377603684'),
(21, 25, 'qrcode', '3476278344776527'),
(22, 26, 'qrcode', '9262833582287439'),
(23, 27, 'qrcode', '4517446037927300'),
(24, 28, 'qrcode', '3733298648383282'),
(25, 30, 'qrcode', '9606710262572277'),
(26, 31, 'qrcode', '4417462784299462'),
(27, 32, 'qrcode', '1609856795275587'),
(28, 33, 'qrcode', '3253394588897546'),
(29, 34, 'qrcode', '4265241044362876'),
(30, 35, 'qrcode', '8702184058276157'),
(31, 36, 'qrcode', '8639249385345698'),
(32, 37, 'qrcode', '4562420265874139'),
(33, 38, 'qrcode', '1320852489832124'),
(34, 39, 'qrcode', '7692489825869076'),
(35, 40, 'qrcode', '8877240254176839'),
(36, 41, 'qrcode', '8820845059468740'),
(37, 42, 'qrcode', '3819780957762550'),
(38, 42, 'fingerprint,rfid,idcard', 'rfid'),
(39, 43, 'qrcode', '6252413460891355'),
(40, 43, 'fingerprint,rfid,idcard', 'rfid'),
(41, 44, 'qrcode', '3318238394674940'),
(42, 44, 'rfid', '14'),
(45, 46, 'qrcode', '3202707112766111'),
(46, 46, 'rfid', '14'),
(49, 48, 'qrcode', '9397290562616718'),
(50, 48, 'rfid', '14'),
(51, 49, 'qrcode', '8583219384594643'),
(52, 49, 'rfid', '14'),
(54, 50, 'rfid', '14'),
(55, 51, 'qrcode', '7552947233122905'),
(56, 51, 'rfid', '14'),
(66, 47, 'fingerprint', '142'),
(67, 47, 'idcard', '14'),
(70, 47, 'rfid', '12'),
(71, 50, 'idcard', '14'),
(72, 50, 'fingerprint', '142'),
(73, 52, 'qrcode', '7178371270799456'),
(74, 53, 'qrcode', '1441287726964612'),
(84, 63, 'qrcode', '9223552485114459'),
(87, 66, 'qrcode', '7080564963465274'),
(104, 71, 'qrcode', '4986486599897315'),
(105, 71, 'rfid', '12'),
(106, 71, 'idcard', '12'),
(107, 71, 'fingerprint', '12'),
(112, 73, 'qrcode', '4323134588979841'),
(113, 74, 'qrcode', '6662842290294189'),
(114, 75, 'qrcode', '3712351984183792'),
(115, 76, 'qrcode', '4750808517861303'),
(116, 77, 'qrcode', '6623815523186208'),
(117, 78, 'qrcode', '1930462410618024'),
(118, 79, 'qrcode', '8664205322672169'),
(119, 80, 'rfid', '12'),
(120, 80, 'idcard', '14'),
(122, 80, 'fingerprint', '142'),
(123, 85, 'qrcode', '4136147778332681'),
(124, 86, 'qrcode', '1690203658058599'),
(145, 97, 'qrcode', '8020179874633102'),
(146, 97, 'rfid', '14'),
(149, 99, 'qrcode', '6984357444464500'),
(150, 99, 'rfid', '14'),
(151, 100, 'qrcode', '6924159986521705'),
(152, 101, 'qrcode', '6026816161175583'),
(153, 102, 'qrcode', '3346901365913318'),
(154, 103, 'qrcode', '2785779791234273'),
(155, 104, 'qrcode', '6506646519098222'),
(156, 105, 'qrcode', '5132749989514030'),
(157, 106, 'qrcode', '3525357233582773'),
(158, 107, 'qrcode', '2738225858319056'),
(159, 108, 'qrcode', '6520541277452547'),
(160, 109, 'qrcode', '3573386371305920'),
(161, 110, 'qrcode', '2877372182384662'),
(162, 111, 'qrcode', '1519736279367025'),
(163, 112, 'qrcode', '3828884552487960'),
(164, 113, 'qrcode', '5966711891915394'),
(165, 114, 'qrcode', '5427754534328388'),
(166, 115, 'qrcode', '8573700447392317'),
(167, 116, 'qrcode', '7437145947317526'),
(168, 117, 'qrcode', '7052872887954397'),
(169, 118, 'qrcode', '8403283882492411'),
(170, 119, 'qrcode', '4166301464515963'),
(171, 120, 'qrcode', '6561689936062527'),
(172, 121, 'qrcode', '4017279869218444'),
(173, 122, 'qrcode', '9343935368337917'),
(174, 123, 'qrcode', '6357157292353795'),
(175, 124, 'qrcode', '2032396713218085'),
(176, 125, 'qrcode', '4716535188445363'),
(177, 126, 'qrcode', '8071907053753911'),
(178, 127, 'qrcode', '1965427487149598'),
(179, 128, 'qrcode', '1367268816274180'),
(180, 129, 'qrcode', '3550342313274080'),
(181, 66, 'rfid', 'niupgiufasiup89089428104143534'),
(182, 66, 'idcard', '14'),
(183, 66, 'fingerprint', '142'),
(184, 99, 'idcard', '5137911991100712'),
(185, 130, 'qrcode', '4726813215734646'),
(186, 131, 'qrcode', '2219397059117482'),
(187, 132, 'qrcode', '5019673785195801'),
(188, 133, 'qrcode', '8706325663988269'),
(189, 134, 'qrcode', '3803508932254046'),
(190, 135, 'qrcode', '6035478785004994'),
(191, 136, 'qrcode', '5441209525047410'),
(192, 137, 'qrcode', '3678783279624176'),
(193, 138, 'qrcode', '9439713056757448'),
(194, 139, 'qrcode', '2010750963857274'),
(195, 140, 'qrcode', '8664665482412436'),
(202, 147, 'qrcode', '8159690766779542'),
(203, 148, 'qrcode', '5159553420597393'),
(210, 155, 'qrcode', '6153438626353670'),
(211, 156, 'qrcode', '8332347687911357'),
(212, 157, 'qrcode', '2701782445648147'),
(213, 158, 'qrcode', '3562245566711830'),
(232, 177, 'qrcode', '7576349493218141'),
(233, 178, 'qrcode', '1386196487042948'),
(234, 179, 'qrcode', '9496938611222692'),
(235, 180, 'qrcode', '4416832451159339'),
(236, 181, 'qrcode', '6625687458803684'),
(237, 181, 'rfid', '894289niuofadsfa'),
(238, 182, 'qrcode', '7046637565563019'),
(239, 183, 'qrcode', '9155228192292800'),
(240, 184, 'qrcode', '2557136526241709'),
(241, 185, 'qrcode', '8848513881568148'),
(242, 186, 'qrcode', '3260214122624281'),
(243, 187, 'qrcode', '7347687017977727'),
(244, 188, 'qrcode', '3942697845954313'),
(245, 189, 'qrcode', '1395293113545050'),
(246, 190, 'qrcode', '2812406471395265'),
(247, 191, 'qrcode', '7447608268224455'),
(248, 191, 'rfid', 'niupgiufasiup89089428104143534'),
(249, 192, 'qrcode', '9566129079694026'),
(250, 193, 'qrcode', '8985525915237105'),
(251, 194, 'qrcode', '8403772564457558'),
(252, 195, 'qrcode', '4587452126945885'),
(253, 196, 'qrcode', '4086551233538901'),
(254, 197, 'qrcode', '4067451065435940'),
(255, 197, 'rfid', '121121');

-- --------------------------------------------------------

--
-- 表的结构 `devices`
--

CREATE TABLE IF NOT EXISTS `devices` (
  `id` int(8) NOT NULL AUTO_INCREMENT,
  `device_sid` varchar(50) NOT NULL COMMENT '设备号',
  `name` varchar(100) NOT NULL,
  `type` set('seller','exit','gates') NOT NULL DEFAULT 'gates' COMMENT '闸机，出口、销售终端',
  `created` bigint(12) NOT NULL,
  `active` int(1) NOT NULL DEFAULT '0' COMMENT '-1锁定',
  PRIMARY KEY (`id`)
) ENGINE=InnoDB  DEFAULT CHARSET=utf8 COMMENT='景区设备列表' AUTO_INCREMENT=3 ;

--
-- 转存表中的数据 `devices`
--

INSERT INTO `devices` (`id`, `device_sid`, `name`, `type`, `created`, `active`) VALUES
(1, '214fads', '测试设备', 'seller', 1374715675, 0),
(2, 'webtest', '测试设备', 'gates', 1374756529, 0);

-- --------------------------------------------------------

--
-- 表的结构 `exist_statistics`
--

CREATE TABLE IF NOT EXISTS `exist_statistics` (
  `id` int(6) unsigned NOT NULL AUTO_INCREMENT,
  `date` datetime NOT NULL,
  `device_id` int(8) NOT NULL DEFAULT '0' COMMENT '出口设备ID',
  `count` int(8) NOT NULL,
  PRIMARY KEY (`id`),
  KEY `date` (`date`,`device_id`)
) ENGINE=InnoDB  DEFAULT CHARSET=utf8 COMMENT='出口统计' AUTO_INCREMENT=5 ;

--
-- 转存表中的数据 `exist_statistics`
--

INSERT INTO `exist_statistics` (`id`, `date`, `device_id`, `count`) VALUES
(1, '2013-07-26 00:00:00', 2, 12),
(2, '2013-07-26 00:00:00', 2, 12),
(3, '2013-07-26 00:00:00', 2, 12),
(4, '2013-07-27 16:43:00', 2, 12);

-- --------------------------------------------------------

--
-- 表的结构 `features`
--

CREATE TABLE IF NOT EXISTS `features` (
  `id` int(3) NOT NULL AUTO_INCREMENT,
  `name` varchar(200) NOT NULL COMMENT '功能名',
  `alias` varchar(32) NOT NULL DEFAULT '',
  `root_id` int(3) NOT NULL DEFAULT '0' COMMENT '上级ID',
  PRIMARY KEY (`id`)
) ENGINE=InnoDB  DEFAULT CHARSET=utf8 COMMENT='功能列表 表， 方便 进行权限控制' AUTO_INCREMENT=34 ;

--
-- 转存表中的数据 `features`
--

INSERT INTO `features` (`id`, `name`, `alias`, `root_id`) VALUES
(1, '票务中心', 'sell', 0),
(2, '管理中心', 'admin', 0),
(3, '代理系统', 'agent', 0),
(4, '数据中心', 'data', 0),
(5, '权限管理', 'purview', 0),
(6, '售票', 'sell_ticket', 1),
(7, '退票', 'sell_refund', 1),
(8, '年卡办理', 'sell_year', 1),
(9, '售票记录', 'sell_record', 1),
(10, '验票', 'sell_check_ticket', 1),
(11, '计算器', 'sell_calculator', 1),
(12, '下班交接', 'sell_staff_exchange', 1),
(13, '票种管理', 'admin_category', 2),
(14, '库存统计', 'admin_depot_statis', 2),
(15, '门票入库', 'admin_depot_import', 2),
(16, '售票员领票', 'admin_depot_sell_take', 2),
(17, '余票回库', 'admin_depot_return', 2),
(18, '工卡管理', 'admin_depot_staff', 2),
(19, '交班记录', 'admin_exchange_record', 2),
(20, '终端管理', 'admin_device', 2),
(21, '现有代理商', 'agent_index', 3),
(22, '新增代理', 'agent_add', 3),
(23, '出票明细', 'agent_order', 3),
(24, '销售报告', 'agent_sell_report', 3),
(25, '销售报告', 'data_sell_report', 4),
(26, '领票统计', 'data_sell_take', 4),
(27, '售票明细', 'data_order_record', 4),
(28, '回库记录', 'data_return', 4),
(29, '作废记录', 'data_cancel', 4),
(30, '出口次数', 'data_exit', 4),
(31, '用户管理', 'purview_user', 5),
(32, '添加用户', 'purview_user_add', 5),
(33, '变更日志', 'purview_user_log', 5);

-- --------------------------------------------------------

--
-- 表的结构 `groups`
--

CREATE TABLE IF NOT EXISTS `groups` (
  `id` int(2) NOT NULL AUTO_INCREMENT,
  `name` varchar(50) NOT NULL COMMENT '组名',
  PRIMARY KEY (`id`)
) ENGINE=InnoDB  DEFAULT CHARSET=utf8 COMMENT='用户组表' AUTO_INCREMENT=3 ;

--
-- 转存表中的数据 `groups`
--

INSERT INTO `groups` (`id`, `name`) VALUES
(1, '管理员'),
(2, '售票员');

-- --------------------------------------------------------

--
-- 表的结构 `orders`
--

CREATE TABLE IF NOT EXISTS `orders` (
  `id` int(9) NOT NULL AUTO_INCREMENT,
  `seller_id` int(11) NOT NULL DEFAULT '0' COMMENT '销售人员id,0系统自动出票',
  `buyer_id` int(10) unsigned NOT NULL DEFAULT '0' COMMENT '买家ID 比如 导游id',
  `depot_id` int(8) NOT NULL DEFAULT '0' COMMENT '入库ID',
  `created` bigint(12) NOT NULL,
  `updated` int(11) NOT NULL DEFAULT '0',
  `active` int(1) NOT NULL,
  `price` decimal(8,2) NOT NULL,
  PRIMARY KEY (`id`)
) ENGINE=InnoDB  DEFAULT CHARSET=utf8 COMMENT='销售票记录 和 depots是一对多的关系 比如身份证年票，depots可能只有一张，但orders里会有多个' AUTO_INCREMENT=51 ;

--
-- 转存表中的数据 `orders`
--

INSERT INTO `orders` (`id`, `seller_id`, `buyer_id`, `depot_id`, `created`, `updated`, `active`, `price`) VALUES
(3, 1, 0, 3, 1374559034, 0, 0, 60.00),
(4, 1, 0, 18, 1374561195, 0, 0, 20.00),
(5, 1, 0, 15, 1374561774, 0, 0, 20.00),
(6, 1, 0, 17, 1374564038, 0, 0, 20.00),
(7, 1, 0, 21, 1374564200, 1374581554, -1, 12.00),
(8, 1, 0, 34, 1374637601, 1374637601, 0, 12.00),
(9, 1, 0, 40, 1374638394, 1374638394, 0, 12.00),
(10, 1, 0, 41, 1374638418, 1374638418, 0, 12.00),
(11, 1, 0, 51, 1374654664, 1374654664, 0, 20.00),
(12, 1, 0, 79, 1374721478, 1374721478, 0, 12.00),
(13, 1, 0, 85, 1374721552, 1374721552, 0, 12.00),
(14, 1, 0, 86, 1374721583, 1374722021, -1, 12.00),
(15, 1, 0, 99, 1374722653, 1374722653, 0, 20.00),
(16, 1, 0, 100, 1374724392, 1374724392, 0, 12.00),
(17, 1, 1, 113, 1374724494, 1374724494, 0, 144.00),
(18, 1, 1, 127, 1374724591, 1374724591, 0, 24.00),
(19, 1, 1, 129, 1374726774, 1374726775, 0, 12.00),
(20, 1, 0, 130, 1374973102, 1374973102, 0, 12.00),
(21, 1, 0, 132, 1374973480, 1374973480, 0, 12.00),
(22, 1, 0, 133, 1374975409, 1374975409, 0, 12.00),
(23, 1, 0, 134, 1374975428, 1374975428, 0, 12.00),
(24, 1, 0, 135, 1374975596, 1374975596, 0, 12.00),
(25, 1, 0, 137, 1374976004, 1374976004, 0, 12.00),
(26, 1, 0, 139, 1374976031, 1374976032, 0, 12.00),
(27, 1, 0, 147, 1374976183, 1374976184, 0, 12.00),
(28, 1, 0, 155, 1374976361, 1374976361, 0, 12.00),
(29, 1, 0, 155, 1374976361, 1374976361, 0, 12.00),
(30, 1, 0, 157, 1374976401, 1374976401, 0, 12.00),
(31, 1, 0, 157, 1374976401, 1374976401, 0, 12.00),
(32, 1, 0, 177, 1374988243, 1374988244, 0, 12.00),
(33, 1, 0, 178, 1374988244, 1374988244, 0, 12.00),
(34, 1, 0, 179, 1374991974, 1374991974, 0, 12.00),
(35, 1, 0, 180, 1374991984, 1374991984, 0, 12.00),
(36, 1, 0, 181, 1374992649, 1374992650, 0, 20.00),
(37, 1, 0, 182, 1375066887, 1375066887, 0, 12.00),
(38, 1, 0, 183, 1375067004, 1375067004, 0, 12.00),
(39, 1, 0, 184, 1375067285, 1375067285, 0, 12.00),
(40, 1, 0, 185, 1375067291, 1375067291, 0, 12.00),
(41, 1, 0, 186, 1375067321, 1375067321, 0, 12.00),
(42, 1, 0, 187, 1375162888, 1375162888, 0, 12.00),
(43, 1, 0, 188, 1375164405, 1375164405, 0, 12.00),
(44, 1, 0, 148, 1375168654, 1375168654, 0, 12.00),
(45, 1, 0, 190, 1375173662, 1375173662, 0, 60.00),
(46, 1, 0, 192, 1375236017, 1375236046, -1, 100.00),
(47, 1, 0, 193, 1375236077, 1375236077, 0, 100.00),
(48, 1, 0, 194, 1375236534, 1375236534, 0, 100.00),
(49, 1, 0, 195, 1375236545, 1375236545, 0, 100.00),
(50, 1, 0, 196, 1375238348, 1375238554, -1, 111.00);

-- --------------------------------------------------------

--
-- 表的结构 `staff_exchanges`
--

CREATE TABLE IF NOT EXISTS `staff_exchanges` (
  `id` int(8) NOT NULL AUTO_INCREMENT,
  `user_id` int(8) NOT NULL,
  `created` bigint(12) NOT NULL,
  `action` set('logout','login') NOT NULL DEFAULT 'logout',
  PRIMARY KEY (`id`),
  KEY `user_id` (`user_id`)
) ENGINE=InnoDB  DEFAULT CHARSET=utf8 COMMENT='票务系统登录登出记录' AUTO_INCREMENT=49 ;

--
-- 转存表中的数据 `staff_exchanges`
--

INSERT INTO `staff_exchanges` (`id`, `user_id`, `created`, `action`) VALUES
(1, 1, 1374748173, 'login'),
(2, 1, 1374748264, 'login'),
(3, 1, 1374748368, 'login'),
(4, 1, 1374748368, 'logout'),
(5, 1, 1374748369, 'login'),
(6, 1, 1374750993, 'logout'),
(7, 1, 1374750994, 'login'),
(8, 1, 1374755922, 'login'),
(9, 1, 1374801885, 'login'),
(10, 1, 1374816422, 'login'),
(11, 1, 1374827129, 'login'),
(12, 1, 1374830810, 'login'),
(13, 1, 1374914579, 'login'),
(14, 1, 1374916499, 'login'),
(15, 1, 1374973075, 'login'),
(16, 1, 1374973080, 'login'),
(17, 1, 1374987936, 'login'),
(18, 1, 1374990032, 'login'),
(19, 1, 1375065485, 'login'),
(20, 1, 1375070017, 'login'),
(21, 1, 1375074038, 'login'),
(22, 1, 1375087716, 'logout'),
(23, 1, 1375087730, 'login'),
(24, 1, 1375087739, 'logout'),
(25, 2, 1375087744, 'login'),
(26, 1, 1375087764, 'login'),
(27, 1, 1375087789, 'logout'),
(28, 2, 1375087797, 'login'),
(29, 2, 1375088118, 'logout'),
(30, 1, 1375088125, 'login'),
(31, 1, 1375146986, 'login'),
(32, 1, 1375153744, 'login'),
(33, 1, 1375159890, 'login'),
(34, 1, 1375172064, 'login'),
(35, 1, 1375194333, 'login'),
(36, 1, 1375235747, 'login'),
(37, 1, 1375237431, 'logout'),
(38, 1, 1375237507, 'login'),
(39, 1, 1375237570, 'login'),
(40, 1, 1375237779, 'login'),
(41, 1, 1375238884, 'logout'),
(42, 1, 1375238887, 'login'),
(43, 1, 1375248268, 'login'),
(44, 1, 1375253494, 'login'),
(45, 1, 1375346491, 'login'),
(46, 1, 1375357549, 'login'),
(47, 1, 1376288227, 'login'),
(48, 1, 1376376439, 'login');

-- --------------------------------------------------------

--
-- 表的结构 `users`
--

CREATE TABLE IF NOT EXISTS `users` (
  `id` int(6) NOT NULL AUTO_INCREMENT,
  `username` varchar(50) NOT NULL,
  `password` varchar(50) NOT NULL,
  `group_id` int(2) NOT NULL,
  `active` int(1) NOT NULL,
  `updated` bigint(12) NOT NULL,
  `name` varchar(50) NOT NULL COMMENT '姓名',
  `title` varchar(100) NOT NULL COMMENT '职位 ',
  PRIMARY KEY (`id`)
) ENGINE=InnoDB  DEFAULT CHARSET=utf8 COMMENT='用户表' AUTO_INCREMENT=9 ;

--
-- 转存表中的数据 `users`
--

INSERT INTO `users` (`id`, `username`, `password`, `group_id`, `active`, `updated`, `name`, `title`) VALUES
(1, 'linning', 'e10adc3949ba59abbe56e057f20f883e', 1, 0, 1375149768, '姓名可以修改', '管理员'),
(2, 'linning2', 'e10adc3949ba59abbe56e057f20f883e', 1, 0, 1375087785, 'lin2', '管理员'),
(3, 'linning22', 'b6d767d2f8ed5d21a44b0e5886680cb9', 1, 0, 1374736301, 'ln', '222'),
(4, 'linning22334', '798783e85f5d3385017668c42544fa83', 1, 0, 1374738297, 'ln3434', '222'),
(5, 'linning22334132', '2e0aca891f2a8aedf265edf533a6d9a8', 1, 0, 1374744610, '123', '123'),
(6, 'niha', '3eda2e2e73ad477470f611fd5baacff1', 1, 0, 1374739396, '姓名可以', '管理员'),
(8, 'jiuofa90', 'ed49422cfeab88a111af19913fc50b08', 1, 0, 1374746502, 'jiuofa90', 'jiuofa90');

-- --------------------------------------------------------

--
-- 表的结构 `user_accesses`
--

CREATE TABLE IF NOT EXISTS `user_accesses` (
  `id` int(8) NOT NULL AUTO_INCREMENT,
  `user_id` int(8) NOT NULL,
  `feature_id` int(11) NOT NULL,
  PRIMARY KEY (`id`),
  KEY `user_id` (`user_id`)
) ENGINE=InnoDB  DEFAULT CHARSET=utf8 COMMENT='用户可以进的功能权限表' AUTO_INCREMENT=240 ;

--
-- 转存表中的数据 `user_accesses`
--

INSERT INTO `user_accesses` (`id`, `user_id`, `feature_id`) VALUES
(47, 4, 6),
(48, 4, 7),
(49, 4, 8),
(50, 4, 9),
(51, 4, 10),
(52, 4, 11),
(53, 4, 12),
(120, 6, 6),
(121, 6, 8),
(122, 6, 9),
(123, 6, 10),
(124, 6, 11),
(125, 6, 12),
(126, 6, 13),
(127, 6, 14),
(128, 6, 15),
(129, 6, 16),
(130, 6, 17),
(131, 6, 18),
(132, 6, 19),
(133, 6, 20),
(134, 7, 6),
(135, 7, 7),
(136, 7, 8),
(137, 7, 9),
(138, 7, 10),
(139, 7, 11),
(140, 7, 12),
(141, 5, 6),
(142, 5, 7),
(143, 5, 8),
(144, 5, 9),
(145, 5, 10),
(146, 5, 11),
(147, 5, 12),
(167, 8, 6),
(168, 8, 7),
(169, 8, 8),
(170, 8, 9),
(171, 8, 10),
(172, 8, 11),
(173, 8, 12),
(205, 2, 6),
(206, 2, 7),
(207, 2, 8),
(208, 2, 9),
(209, 2, 10),
(210, 2, 11),
(211, 2, 12),
(212, 1, 6),
(213, 1, 7),
(214, 1, 8),
(215, 1, 9),
(216, 1, 10),
(217, 1, 11),
(218, 1, 12),
(219, 1, 13),
(220, 1, 14),
(221, 1, 15),
(222, 1, 16),
(223, 1, 17),
(224, 1, 18),
(225, 1, 19),
(226, 1, 20),
(227, 1, 21),
(228, 1, 22),
(229, 1, 23),
(230, 1, 24),
(231, 1, 25),
(232, 1, 26),
(233, 1, 27),
(234, 1, 28),
(235, 1, 29),
(236, 1, 30),
(237, 1, 31),
(238, 1, 32),
(239, 1, 33);

-- --------------------------------------------------------

--
-- 表的结构 `user_logs`
--

CREATE TABLE IF NOT EXISTS `user_logs` (
  `id` int(8) NOT NULL AUTO_INCREMENT,
  `user_id` int(8) NOT NULL,
  `created` bigint(12) NOT NULL,
  `logs` text NOT NULL,
  PRIMARY KEY (`id`),
  KEY `user_id` (`user_id`)
) ENGINE=InnoDB  DEFAULT CHARSET=utf8 COMMENT='用户日志表' AUTO_INCREMENT=9 ;

--
-- 转存表中的数据 `user_logs`
--

INSERT INTO `user_logs` (`id`, `user_id`, `created`, `logs`) VALUES
(1, 1, 1374744610, '对linning22334132进行了用户信息变更'),
(2, 1, 1374745975, '对linning进行了用户信息变更'),
(3, 1, 1374746502, '添加了用户jiuofa90'),
(4, 1, 1375086995, '对linning进行了用户信息变更'),
(5, 1, 1375087541, '对linning进行了用户信息变更'),
(6, 1, 1375087704, '对linning2进行了密码修改'),
(7, 1, 1375087786, '对linning2进行了用户信息变更'),
(8, 1, 1375149768, '对linning进行了用户信息变更');

-- --------------------------------------------------------

--
-- 表的结构 `verifies`
--

CREATE TABLE IF NOT EXISTS `verifies` (
  `id` int(9) unsigned NOT NULL AUTO_INCREMENT,
  `depot_id` int(8) NOT NULL,
  `created` bigint(12) NOT NULL,
  `device_id` int(6) NOT NULL COMMENT '通过设备',
  PRIMARY KEY (`id`),
  KEY `depot_id` (`depot_id`)
) ENGINE=InnoDB  DEFAULT CHARSET=utf8 COMMENT='验证记录' AUTO_INCREMENT=35 ;

--
-- 转存表中的数据 `verifies`
--

INSERT INTO `verifies` (`id`, `depot_id`, `created`, `device_id`) VALUES
(2, 129, 1374802255, 2),
(3, 47, 1374804041, 2),
(4, 47, 1374804092, 2),
(5, 66, 1374804963, 2),
(6, 66, 1374804965, 2),
(7, 66, 1374804966, 2),
(8, 66, 1374804967, 2),
(9, 66, 1374804968, 2),
(10, 66, 1374804969, 2),
(11, 66, 1374804970, 2),
(12, 66, 1374804971, 2),
(13, 66, 1374804972, 2),
(14, 66, 1374805004, 2),
(15, 66, 1374805004, 2),
(16, 66, 1374805005, 2),
(17, 66, 1374805005, 2),
(18, 66, 1374805005, 2),
(19, 66, 1374805005, 2),
(20, 66, 1374805005, 2),
(21, 66, 1374805005, 2),
(22, 66, 1374805005, 2),
(23, 66, 1374805006, 2),
(24, 66, 1374805006, 2),
(25, 66, 1374805007, 2),
(26, 66, 1374805007, 2),
(27, 66, 1374805008, 2),
(28, 66, 1374805008, 2),
(29, 66, 1374805009, 2),
(30, 66, 1374805009, 2),
(31, 66, 1374805010, 2),
(32, 66, 1374805010, 2),
(33, 66, 1374805722, 2),
(34, 66, 1374805724, 2);

/*!40101 SET CHARACTER_SET_CLIENT=@OLD_CHARACTER_SET_CLIENT */;
/*!40101 SET CHARACTER_SET_RESULTS=@OLD_CHARACTER_SET_RESULTS */;
/*!40101 SET COLLATION_CONNECTION=@OLD_COLLATION_CONNECTION */;
